Workbook

Sheet Data
A1: Year | B1: Industry | C1: State | D1: Establishments | E1: Employees | F1: Avg Annual Wage
A2: 2025 | B2: Natural Resources | C2: Alabama | D2: 1829 | E2: 18051 | F2: 58872
A3: 2025 | B3: Natural Resources | C3: Arizona | D3: 1354 | E3: 35607 | F3: 55216
A4: 2025 | B4: Natural Resources | C4: Arkansas | D4: 2565 | E4: 15961 | F4: 49909
A5: 2025 | B5: Natural Resources | C5: California | D5: 17651 | E5: 425665 | F5: 42534
A6: 2025 | B6: Natural Resources | C6: Colorado | D6: 3312 | E6: 41633 | F6: 91879
A7: 2025 | B7: Natural Resources | C7: Connecticut | D7: 467 | E7: 5260 | F7: 43142
A8: 2025 | B8: Natural Resources | C8: Delaware | D8: 186 | E8: 1317 | F8: 43290
A9: 2025 | B9: Natural Resources | C9: Florida | D9: 5394 | E9: 71107 | F9: 37717
A10: 2025 | B10: Natural Resources | C10: Georgia | D10: 2794 | E10: 29309 | F10: 45978
A11: 2025 | B11: Natural Resources | C11: Idaho | D11: 2531 | E11: 27020 | F11: 42820
A12: 2025 | B12: Natural Resources | C12: Illinois | D12: 2818 | E12: 24933 | F12: 52259
A13: 2025 | B13: Natural Resources | C13: Indiana | D13: 2302 | E13: 20872 | F13: 50732
... A1919: 2022 | B1919: Other Services | C1919: Wyoming | D1919: 1656 | E1919: 7231 | F1919: 35035

Sheet Data Prep
A1: INDUSTRY FILTER | D1: AVG WAGE BY INDUSTRY | H1: EMPLOYEES BY INDUSTRY | K1: WAGE & EMPLOYEE TRENDS | O1: COMPARISONS BY STATE
A2: Industry | B2: Selection | D2: Industry | E2: Avg Annual Wage | F2: Selection | H2: Industry | I2: Employees | K2: Year | L2: Avg Wage | M2: Employees | O2: State | P2: Employees | Q2: Population | R2: Employees per 1000 Capita | S2: Average Wages | T2: =B18 -> Average Wages
A3: Business Services | B3: =Dashboard!B6 -> Business Services | D3: Information | E3: =AVERAGEIFS(Data!F:F,Data!B:B,D3,Data!A:A,$B$15) -> 93586.333 | F3: =IF(D3=$B$3,E3,0) -> 0 | H3: Trade & Transportation | I3: =SUMIFS(Data!E:E,Data!B:B,H3,Data!A:A,$B$15) -> 26277342 | K3: 2022 | L3: =AVERAGEIFS(Data!F:F,Data!B:B,'Data Prep'!$B$3,Data!A:A,'Data Prep'!K3) -> 64714.438 | M3: =SUMIFS(Data!E:E,Data!B:B,'Data Prep'!$B$3,Data!A:A,'Data Prep'!K3) -> 20063464 | O3: Alabama | P3: =SUMIFS(Data!E:E,Data!B:B,'Data Prep'!$B$3,Data!A:A,'Data Prep'!$B$15,Data!C:C,'Data Prep'!O3) -> 242419 | Q3: 5157699 | R3: =P3/Q3*1000 -> 47.001386 | S3: =AVERAGEIFS(Data!F:F,Data!B:B,'Data Prep'!$B$3,Data!A:A,'Data Prep'!$B$15,Data!C:C,'Data Prep'!O3) -> 62111 | T3: =IF($T$2=$S$2,-S3,R3) -> -62111
A4: Construction | D4: Finance | E4: =AVERAGEIFS(Data!F:F,Data!B:B,D4,Data!A:A,$B$15) -> 90040.667 | F4: =IF(D4=$B$3,E4,0) -> 0 | H4: Education & Health | I4: =SUMIFS(Data!E:E,Data!B:B,H4,Data!A:A,$B$15) -> 22035033 | K4: 2023 | L4: =AVERAGEIFS(Data!F:F,Data!B:B,'Data Prep'!$B$3,Data!A:A,'Data Prep'!K4) -> 66836.25 | M4: =SUMIFS(Data!E:E,Data!B:B,'Data Prep'!$B$3,Data!A:A,'Data Prep'!K4) -> 20594171 | O4: Arizona | P4: =SUMIFS(Data!E:E,Data!B:B,'Data Prep'!$B$3,Data!A:A,'Data Prep'!$B$15,Data!C:C,'Data Prep'!O4) -> 431379 | Q4: 7582384 | R4: =P4/Q4*1000 -> 56.892265 | S4: =AVERAGEIFS(Data!F:F,Data!B:B,'Data Prep'!$B$3,Data!A:A,'Data Prep'!$B$15,Data!C:C,'Data Prep'!O4) -> 63180 | T4: =IF($T$2=$S$2,-S4,R4) -> -63180
A5: Education & Health | D5: Business Services | E5: =AVERAGEIFS(Data!F:F,Data!B:B,D5,Data!A:A,$B$15) -> 74713.062 | F5: =IF(D5=$B$3,E5,0) -> 74713.062 | H5: Business Services | I5: =SUMIFS(Data!E:E,Data!B:B,H5,Data!A:A,$B$15) -> 20065896 | K5: 2024 | L5: =AVERAGEIFS(Data!F:F,Data!B:B,'Data Prep'!$B$3,Data!A:A,'Data Prep'!K5) -> 69592.167 | M5: =SUMIFS(Data!E:E,Data!B:B,'Data Prep'!$B$3,Data!A:A,'Data Prep'!K5) -> 20961286 | O5: Arkansas | P5: =SUMIFS(Data!E:E,Data!B:B,'Data Prep'!$B$3,Data!A:A,'Data Prep'!$B$15,Data!C:C,'Data Prep'!O5) -> 139300 | Q5: 3088354 | R5: =P5/Q5*1000 -> 45.104933 | S5: =AVERAGEIFS(Data!F:F,Data!B:B,'Data Prep'!$B$3,Data!A:A,'Data Prep'!$B$15,Data!C:C,'Data Prep'!O5) -> 68067 | T5: =IF($T$2=$S$2,-S5,R5) -> -68067
A6: Finance | D6: Manufacturing | E6: =AVERAGEIFS(Data!F:F,Data!B:B,D6,Data!A:A,$B$15) -> 68427.875 | F6: =IF(D6=$B$3,E6,0) -> 0 | H6: Leisure & Hospitality | I6: =SUMIFS(Data!E:E,Data!B:B,H6,Data!A:A,$B$15) -> 12649500 | K6: 2025 | L6: =AVERAGEIFS(Data!F:F,Data!B:B,'Data Prep'!$B$3,Data!A:A,'Data Prep'!K6) -> 74713.062 | M6: =SUMIFS(Data!E:E,Data!B:B,'Data Prep'!$B$3,Data!A:A,'Data Prep'!K6) -> 20065896 | O6: California | P6: =SUMIFS(Data!E:E,Data!B:B,'Data Prep'!$B$3,Data!A:A,'Data Prep'!$B$15,Data!C:C,'Data Prep'!O6) -> 2600604 | Q6: 39431263 | R6: =P6/Q6*1000 -> 65.952846 | S6: =AVERAGEIFS(Data!F:F,Data!B:B,'Data Prep'!$B$3,Data!A:A,'Data Prep'!$B$15,Data!C:C,'Data Prep'!O6) -> 106486 | T6: =IF($T$2=$S$2,-S6,R6) -> -106486
A7: Information | D7: Construction | E7: =AVERAGEIFS(Data!F:F,Data!B:B,D7,Data!A:A,$B$15) -> 63896.896 | F7: =IF(D7=$B$3,E7,0) -> 0 | H7: Manufacturing | I7: =SUMIFS(Data!E:E,Data!B:B,H7,Data!A:A,$B$15) -> 12058694 | O7: Colorado | P7: =SUMIFS(Data!E:E,Data!B:B,'Data Prep'!$B$3,Data!A:A,'Data Prep'!$B$15,Data!C:C,'Data Prep'!O7) -> 430367 | Q7: 5957493 | R7: =P7/Q7*1000 -> 72.239615 | S7: =AVERAGEIFS(Data!F:F,Data!B:B,'Data Prep'!$B$3,Data!A:A,'Data Prep'!$B$15,Data!C:C,'Data Prep'!O7) -> 90744 | T7: =IF($T$2=$S$2,-S7,R7) -> -90744
A8: Leisure & Hospitality | D8: Natural Resources | E8: =AVERAGEIFS(Data!F:F,Data!B:B,D8,Data!A:A,$B$15) -> 55605.938 | F8: =IF(D8=$B$3,E8,0) -> 0 | H8: Finance | I8: =SUMIFS(Data!E:E,Data!B:B,H8,Data!A:A,$B$15) -> 8142043 | O8: Connecticut | P8: =SUMIFS(Data!E:E,Data!B:B,'Data Prep'!$B$3,Data!A:A,'Data Prep'!$B$15,Data!C:C,'Data Prep'!O8) -> 206629 | Q8: 3675069 | R8: =P8/Q8*1000 -> 56.224523 | S8: =AVERAGEIFS(Data!F:F,Data!B:B,'Data Prep'!$B$3,Data!A:A,'Data Prep'!$B$15,Data!C:C,'Data Prep'!O8) -> 95714 | T8: =IF($T$2=$S$2,-S8,R8) -> -95714
A9: Manufacturing | D9: Education & Health | E9: =AVERAGEIFS(Data!F:F,Data!B:B,D9,Data!A:A,$B$15) -> 53607.208 | F9: =IF(D9=$B$3,E9,0) -> 0 | H9: Construction | I9: =SUMIFS(Data!E:E,Data!B:B,H9,Data!A:A,$B$15) -> 7136444 | O9: Delaware | P9: =SUMIFS(Data!E:E,Data!B:B,'Data Prep'!$B$3,Data!A:A,'Data Prep'!$B$15,Data!C:C,'Data Prep'!O9) -> 61669 | Q9: 1051917 | R9: =P9/Q9*1000 -> 58.625348 | S9: =AVERAGEIFS(Data!F:F,Data!B:B,'Data Prep'!$B$3,Data!A:A,'Data Prep'!$B$15,Data!C:C,'Data Prep'!O9) -> 85651 | T9: =IF($T$2=$S$2,-S9,R9) -> -85651
A10: Natural Resources | D10: Trade & Transportation | E10: =AVERAGEIFS(Data!F:F,Data!B:B,D10,Data!A:A,$B$15) -> 49366.812 | F10: =IF(D10=$B$3,E10,0) -> 0 | H10: Other Services | I10: =SUMIFS(Data!E:E,Data!B:B,H10,Data!A:A,$B$15) -> 3843699 | O10: Florida | P10: =SUMIFS(Data!E:E,Data!B:B,'Data Prep'!$B$3,Data!A:A,'Data Prep'!$B$15,Data!C:C,'Data Prep'!O10) -> 1358317 | Q10: 23372215 | R10: =P10/Q10*1000 -> 58.116742 | S10: =AVERAGEIFS(Data!F:F,Data!B:B,'Data Prep'!$B$3,Data!A:A,'Data Prep'!$B$15,Data!C:C,'Data Prep'!O10) -> 68223 | T10: =IF($T$2=$S$2,-S10,R10) -> -68223
A11: Other Services | D11: Other Services | E11: =AVERAGEIFS(Data!F:F,Data!B:B,D11,Data!A:A,$B$15) -> 40790.188 | F11: =IF(D11=$B$3,E11,0) -> 0 | H11: Information | I11: =SUMIFS(Data!E:E,Data!B:B,H11,Data!A:A,$B$15) -> 2677815 | O11: Georgia | P11: =SUMIFS(Data!E:E,Data!B:B,'Data Prep'!$B$3,Data!A:A,'Data Prep'!$B$15,Data!C:C,'Data Prep'!O11) -> 692452 | Q11: 11180878 | R11: =P11/Q11*1000 -> 61.931809 | S11: =AVERAGEIFS(Data!F:F,Data!B:B,'Data Prep'!$B$3,Data!A:A,'Data Prep'!$B$15,Data!C:C,'Data Prep'!O11) -> 76331 | T11: =IF($T$2=$S$2,-S11,R11) -> -76331
A12: Trade & Transportation | D12: Leisure & Hospitality | E12: =AVERAGEIFS(Data!F:F,Data!B:B,D12,Data!A:A,$B$15) -> 23286.417 | F12: =IF(D12=$B$3,E12,0) -> 0 | H12: Natural Resources | I12: =SUMIFS(Data!E:E,Data!B:B,H12,Data!A:A,$B$15) -> 1762873 | O12: Idaho | P12: =SUMIFS(Data!E:E,Data!B:B,'Data Prep'!$B$3,Data!A:A,'Data Prep'!$B$15,Data!C:C,'Data Prep'!O12) -> 97097 | Q12: 2001619 | R12: =P12/Q12*1000 -> 48.509232 | S12: =AVERAGEIFS(Data!F:F,Data!B:B,'Data Prep'!$B$3,Data!A:A,'Data Prep'!$B$15,Data!C:C,'Data Prep'!O12) -> 59743 | T12: =IF($T$2=$S$2,-S12,R12) -> -59743
O13: Illinois | P13: =SUMIFS(Data!E:E,Data!B:B,'Data Prep'!$B$3,Data!A:A,'Data Prep'!$B$15,Data!C:C,'Data Prep'!O13) -> 892150 | Q13: 12710158 | R13: =P13/Q13*1000 -> 70.191889 | S13: =AVERAGEIFS(Data!F:F,Data!B:B,'Data Prep'!$B$3,Data!A:A,'Data Prep'!$B$15,Data!C:C,'Data Prep'!O13) -> 83889 | T13: =IF($T$2=$S$2,-S13,R13) -> -83889
A14: DATE FILTER | H14: EMPLOYEES BY INDUSTRY (CLEAN) | O14: Indiana | P14: =SUMIFS(Data!E:E,Data!B:B,'Data Prep'!$B$3,Data!A:A,'Data Prep'!$B$15,Data!C:C,'Data Prep'!O14) -> 326745 | Q14: 6924275 | R14: =P14/Q14*1000 -> 47.188334 | S14: =AVERAGEIFS(Data!F:F,Data!B:B,'Data Prep'!$B$3,Data!A:A,'Data Prep'!$B$15,Data!C:C,'Data Prep'!O14) -> 58578 | T14: =IF($T$2=$S$2,-S14,R14) -> -58578
A15: Current Year: | B15: 2025 | D15: =INDEX(D3:D12,3) -> Business Services | H15: Industry | I15: Employees | O15: Iowa | P15: =SUMIFS(Data!E:E,Data!B:B,'Data Prep'!$B$3,Data!A:A,'Data Prep'!$B$15,Data!C:C,'Data Prep'!O15) -> 134822 | Q15: 3241488 | R15: =P15/Q15*1000 -> 41.592627 | S15: =AVERAGEIFS(Data!F:F,Data!B:B,'Data Prep'!$B$3,Data!A:A,'Data Prep'!$B$15,Data!C:C,'Data Prep'!O15) -> 61793 | T15: =IF($T$2=$S$2,-S15,R15) -> -61793
H16: =B3 -> Business Services | I16: =VLOOKUP(B3,H3:I12,2,0) -> 20065896 | O16: Kansas | P16: =SUMIFS(Data!E:E,Data!B:B,'Data Prep'!$B$3,Data!A:A,'Data Prep'!$B$15,Data!C:C,'Data Prep'!O16) -> 168813 | Q16: 2970606 | R16: =P16/Q16*1000 -> 56.827799 | S16: =AVERAGEIFS(Data!F:F,Data!B:B,'Data Prep'!$B$3,Data!A:A,'Data Prep'!$B$15,Data!C:C,'Data Prep'!O16) -> 69538 | T16: =IF($T$2=$S$2,-S16,R16) -> -69538
A17: MAP FILTER: | H17: Others | I17: =SUM(I3:I12)-I16 -> 96583443 | O17: Kentucky | P17: =SUMIFS(Data!E:E,Data!B:B,'Data Prep'!$B$3,Data!A:A,'Data Prep'!$B$15,Data!C:C,'Data Prep'!O17) -> 207575 | Q17: 4588372 | R17: =P17/Q17*1000 -> 45.239357 | S17: =AVERAGEIFS(Data!F:F,Data!B:B,'Data Prep'!$B$3,Data!A:A,'Data Prep'!$B$15,Data!C:C,'Data Prep'!O17) -> 55987 | T17: =IF($T$2=$S$2,-S17,R17) -> -55987
A18: Metric: | B18: =IF(Dashboard!A2=1,'Data Prep'!S2,'Data Prep'!R2) -> Average Wages | O18: Louisiana | P18: =SUMIFS(Data!E:E,Data!B:B,'Data Prep'!$B$3,Data!A:A,'Data Prep'!$B$15,Data!C:C,'Data Prep'!O18) -> 204729 | Q18: 4597740 | R18: =P18/Q18*1000 -> 44.528181 | S18: =AVERAGEIFS(Data!F:F,Data!B:B,'Data Prep'!$B$3,Data!A:A,'Data Prep'!$B$15,Data!C:C,'Data Prep'!O18) -> 60136 | T18: =IF($T$2=$S$2,-S18,R18) -> -60136
H19: Percentage: | I19: =I16/SUM(I16:I17) -> 0.17201894 | O19: Maine | P19: =SUMIFS(Data!E:E,Data!B:B,'Data Prep'!$B$3,Data!A:A,'Data Prep'!$B$15,Data!C:C,'Data Prep'!O19) -> 68952 | Q19: 1405012 | R19: =P19/Q19*1000 -> 49.075737 | S19: =AVERAGEIFS(Data!F:F,Data!B:B,'Data Prep'!$B$3,Data!A:A,'Data Prep'!$B$15,Data!C:C,'Data Prep'!O19) -> 66178 | T19: =IF($T$2=$S$2,-S19,R19) -> -66178
O20: Maryland | P20: =SUMIFS(Data!E:E,Data!B:B,'Data Prep'!$B$3,Data!A:A,'Data Prep'!$B$15,Data!C:C,'Data Prep'!O20) -> 441860 | Q20: 6263220 | R20: =P20/Q20*1000 -> 70.548376 | S20: =AVERAGEIFS(Data!F:F,Data!B:B,'Data Prep'!$B$3,Data!A:A,'Data Prep'!$B$15,Data!C:C,'Data Prep'!O20) -> 88391 | T20: =IF($T$2=$S$2,-S20,R20) -> -88391
O21: Massachusetts | P21: =SUMIFS(Data!E:E,Data!B:B,'Data Prep'!$B$3,Data!A:A,'Data Prep'!$B$15,Data!C:C,'Data Prep'!O21) -> 583792 | Q21: 7136171 | R21: =P21/Q21*1000 -> 81.807457 | S21: =AVERAGEIFS(Data!F:F,Data!B:B,'Data Prep'!$B$3,Data!A:A,'Data Prep'!$B$15,Data!C:C,'Data Prep'!O21) -> 124638 | T21: =IF($T$2=$S$2,-S21,R21) -> -124638
O22: Michigan | P22: =SUMIFS(Data!E:E,Data!B:B,'Data Prep'!$B$3,Data!A:A,'Data Prep'!$B$15,Data!C:C,'Data Prep'!O22) -> 599657 | Q22: 10140459 | R22: =P22/Q22*1000 -> 59.135094 | S22: =AVERAGEIFS(Data!F:F,Data!B:B,'Data Prep'!$B$3,Data!A:A,'Data Prep'!$B$15,Data!C:C,'Data Prep'!O22) -> 76432 | T22: =IF($T$2=$S$2,-S22,R22) -> -76432
O23: Minnesota | P23: =SUMIFS(Data!E:E,Data!B:B,'Data Prep'!$B$3,Data!A:A,'Data Prep'!$B$15,Data!C:C,'Data Prep'!O23) -> 361183 | Q23: 5793151 | R23: =P23/Q23*1000 -> 62.346554 | S23: =AVERAGEIFS(Data!F:F,Data!B:B,'Data Prep'!$B$3,Data!A:A,'Data Prep'!$B$15,Data!C:C,'Data Prep'!O23) -> 91033 | T23: =IF($T$2=$S$2,-S23,R23) -> -91033
O24: Mississippi | P24: =SUMIFS(Data!E:E,Data!B:B,'Data Prep'!$B$3,Data!A:A,'Data Prep'!$B$15,Data!C:C,'Data Prep'!O24) -> 107758 | Q24: 2943045 | R24: =P24/Q24*1000 -> 36.614459 | S24: =AVERAGEIFS(Data!F:F,Data!B:B,'Data Prep'!$B$3,Data!A:A,'Data Prep'!$B$15,Data!C:C,'Data Prep'!O24) -> 45573 | T24: =IF($T$2=$S$2,-S24,R24) -> -45573
O25: Missouri | P25: =SUMIFS(Data!E:E,Data!B:B,'Data Prep'!$B$3,Data!A:A,'Data Prep'!$B$15,Data!C:C,'Data Prep'!O25) -> 365657 | Q25: 6245466 | R25: =P25/Q25*1000 -> 58.547593 | S25: =AVERAGEIFS(Data!F:F,Data!B:B,'Data Prep'!$B$3,Data!A:A,'Data Prep'!$B$15,Data!C:C,'Data Prep'!O25) -> 72666 | T25: =IF($T$2=$S$2,-S25,R25) -> -72666
O26: Montana | P26: =SUMIFS(Data!E:E,Data!B:B,'Data Prep'!$B$3,Data!A:A,'Data Prep'!$B$15,Data!C:C,'Data Prep'!O26) -> 43549 | Q26: 1137233 | R26: =P26/Q26*1000 -> 38.293824 | S26: =AVERAGEIFS(Data!F:F,Data!B:B,'Data Prep'!$B$3,Data!A:A,'Data Prep'!$B$15,Data!C:C,'Data Prep'!O26) -> 59785 | T26: =IF($T$2=$S$2,-S26,R26) -> -59785
O27: Nebraska | P27: =SUMIFS(Data!E:E,Data!B:B,'Data Prep'!$B$3,Data!A:A,'Data Prep'!$B$15,Data!C:C,'Data Prep'!O27) -> 117288 | Q27: 2005465 | R27: =P27/Q27*1000 -> 58.484192 | S27: =AVERAGEIFS(Data!F:F,Data!B:B,'Data Prep'!$B$3,Data!A:A,'Data Prep'!$B$15,Data!C:C,'Data Prep'!O27) -> 65292 | T27: =IF($T$2=$S$2,-S27,R27) -> -65292
O28: Nevada | P28: =SUMIFS(Data!E:E,Data!B:B,'Data Prep'!$B$3,Data!A:A,'Data Prep'!$B$15,Data!C:C,'Data Prep'!O28) -> 179092 | Q28: 3267467 | R28: =P28/Q28*1000 -> 54.810653 | S28: =AVERAGEIFS(Data!F:F,Data!B:B,'Data Prep'!$B$3,Data!A:A,'Data Prep'!$B$15,Data!C:C,'Data Prep'!O28) -> 67081 | T28: =IF($T$2=$S$2,-S28,R28) -> -67081
O29: New Hampshire | P29: =SUMIFS(Data!E:E,Data!B:B,'Data Prep'!$B$3,Data!A:A,'Data Prep'!$B$15,Data!C:C,'Data Prep'!O29) -> 81639 | Q29: 1409032 | R29: =P29/Q29*1000 -> 57.939777 | S29: =AVERAGEIFS(Data!F:F,Data!B:B,'Data Prep'!$B$3,Data!A:A,'Data Prep'!$B$15,Data!C:C,'Data Prep'!O29) -> 88167 | T29: =IF($T$2=$S$2,-S29,R29) -> -88167
O30: New Jersey | P30: =SUMIFS(Data!E:E,Data!B:B,'Data Prep'!$B$3,Data!A:A,'Data Prep'!$B$15,Data!C:C,'Data Prep'!O30) -> 643507 | Q30: 9288994 | R30: =P30/Q30*1000 -> 69.276285 | S30: =AVERAGEIFS(Data!F:F,Data!B:B,'Data Prep'!$B$3,Data!A:A,'Data Prep'!$B$15,Data!C:C,'Data Prep'!O30) -> 102666 | T30: =IF($T$2=$S$2,-S30,R30) -> -102666
O31: New Mexico | P31: =SUMIFS(Data!E:E,Data!B:B,'Data Prep'!$B$3,Data!A:A,'Data Prep'!$B$15,Data!C:C,'Data Prep'!O31) -> 107707 | Q31: 2130256 | R31: =P31/Q31*1000 -> 50.56059 | S31: =AVERAGEIFS(Data!F:F,Data!B:B,'Data Prep'!$B$3,Data!A:A,'Data Prep'!$B$15,Data!C:C,'Data Prep'!O31) -> 69938 | T31: =IF($T$2=$S$2,-S31,R31) -> -69938
... O50: Wyoming | P50: =SUMIFS(Data!E:E,Data!B:B,'Data Prep'!$B$3,Data!A:A,'Data Prep'!$B$15,Data!C:C,'Data Prep'!O50) -> 18382 | Q50: 587618 | R50: =P50/Q50*1000 -> 31.282228 | S50: =AVERAGEIFS(Data!F:F,Data!B:B,'Data Prep'!$B$3,Data!A:A,'Data Prep'!$B$15,Data!C:C,'Data Prep'!O50) -> 60233 | T50: =IF($T$2=$S$2,-S50,R50) -> -60233

Sheet Dashboard
A1: 8
A2: 1
B6: {=INDEX('Data Prep'!D3:D12,11-Dashboard!A1)} -> Business Services
